{
  "directionEncoded": -1.0,
  "confidenceTierEncoded": 2.0,
  "hourOfDay": 9.5,
  "dayOfWeek": 4.0,
  "ema50": 1922.95477609815,
  "ema200": 1896.34174441031,
  "rsi14": 47.269426330001195,
  "priceDistanceToEma50Pct": -0.055196072465754656,
  "distanceToNearestSwingPct": 0.30796388215773596,
  "rsiMomentum": -3.785492868766575,
  "volatilityRegime": 0.915404365169776,
  "oiChangePct": -0.78718922150899,
  "fundingRate": 0.00163191701566,
  "longShortRatio": 1.0,
  "price24hChangePct": -0.157,
  "fearGreedIndex": 31.0,
  "trendingScore": 0.3,
  "fearGreedRoc": -2.0,
  "dxyChangePct": -0.0726548797937914,
  "spxChangePct": -0.1363691752604,
  "goldChangePct": 1.32396406501477,
  "laneAgreementCount": 2.0,
  "pair_BNB_USDT": 0.0,
  "pair_BTC_USDT": 0.0,
  "pair_ETH_USDT": 0.0,
  "pair_PAXG_USDT": 0.0,
  "pair_SOL_USDT": 0.0,
  "pair_XRP_USDT": 0.0
}
